0,66247,-138,,,,,,
456,284,1160,-13000,-14108,33.33,2860,74,-146
455,1640,2080,-15752,33.33,3623,-47,-138,
456,284,1160,-13000,-14108,33.33,2860,74,-146
455,1640,2080,-15752,33.33,3623,-47,-138,
456,284,1160,-13,,,,,
Sample,aX,aY,az,Temp,gX,gY,gz                                                   ,
1,6340,360,-13780,33.24,-305,-210,-20,
2,6344,536,-13588,33.24,-362,-16,-85,
3,6328,380,-13840,33.24,-358,-246,-194,
4,6316,268,-13680,33.33,-401,-66,-152,
5,6424,176,-13724,33.28,-383,-129,-167,
6,6384,-4648,-13048,33.28,133,-628,80,
7,6396,176,-13644,33.38,-75,-249,-152,
8,6328,188,-13656,33.47,-73,-288,-173,
9,6368,160,-13840,33.33,-155,-207,-257,
10,6340,220,-13704,33.33,-307,-303,-198,
11,6236,3528,-14316,33.28,-611,164,-172,
12,7300,5220,-13256,33.28,-528,622,-1323,
13,6460,-8684,-13224,33.33,-25,-981,372,
14,5204,-2448,-14800,33.28,-516,-555,982,
15,6664,8372,-13784,33.33,-707,707,-1259,
16,7236,-7272,-12572,33.33,181,-833,-52,
17,5252,496,-14760,33.38,-405,-901,1013,
18,6432,152,-13632,33.24,-361,-329,-108,
19,6384,160,-13772,33.42,-342,-304,-165,
20,6368,100,-13716,33.38,-304,-258,-172,
Ú                                                                               ,,,,,,,,
Sample,aX,aY,az,Temp,gX,gY,gz                                                   ,
1,6396,292,-13540,33.24,-725,13,-173,
2,6564,388,-13720,33.24,-834,357,-123,
3,6544,384,-13624,33.33,-515,221,-46,
4,5416,4904,-16040,33.28,-2700,-451,1448,
5,7488,44,-13736,33.33,-366,528,804,
6,6336,744,-13568,33.28,-1853,-291,-1708,
7,6472,984,-13912,33.42,-1899,-1297,-2178,
8,6204,1264,-13972,33.24,-2464,-1378,-2486,
9,5280,1040,-13564,33.24,-4514,-2287,-542,
10,5132,1892,-12688,33.28,-2256,-1995,1062,
11,5304,2632,-13980,33.28,-1611,-962,2601,
12,5044,3232,-12572,33.33,-589,-346,2261,
13,5880,3216,-12828,33.28,371,-1044,3173,
14,5748,1676,-14484,33.33,278,-390,2308,
15,6108,1164,-14440,33.24,-206,-422,743,
16,6088,1072,-13620,33.33,-27,-90,129,
17,5884,1588,-13632,33.24,495,16,446,
18,5900,1616,-13520,33.24,400,510,411,
19,6136,1264,-14000,33.28,1069,434,157,
20,6112,944,-14732,33.24,410,-418,-579,
21,2264,4140,-15060,33.33,321,-417,-120,
22,4892,-2668,-13684,33.33,-201,2325,1157,
23,2300,9156,-15960,33.28,747,-2030,-734,
24,6084,-6300,-12320,33.33,347,1569,728,
25,6316,364,-13344,33.28,1703,-574,-101,
26,6004,188,-13604,33.28,1535,-1023,47,
27,6088,60,-14020,33.28,357,-1134,-14,
28,6672,-1248,-13396,33.19,27,-231,-1069,
29,5764,-116,-13708,33.33,-114,-921,-118,
30,5880,-116,-13908,33.28,-507,-226,-140,
31,5820,-268,-13944,33.24,-468,262,-196,
32,5956,-72,-13836,33.33,-446,307,-132,
33,7124,5992,-12556,33.33,-62,-1169,-1284,
34,4604,-5316,-15692,33.28,-810,273,1121,
35,6424,8220,-12560,33.33,-128,-991,-866,
36,5236,-8412,-15232,33.28,-145,-1225,-243,
37,6804,5192,-12476,33.28,57,-904,-1207,
38,6264,-4872,-13844,33.33,12,-689,-1053,
39,4448,-2916,-15200,33.33,-769,231,1144,
40,5616,-112,-14016,33.28,-374,-172,-140,
41,5744,-100,-14020,33.24,-311,-269,-130,
42,5700,-40,-13996,33.33,-324,-348,-134,
43,5632,-136,-14044,33.33,-381,-288,-129,
44,5532,0,-13988,33.38,-345,-100,-181,
45,5664,-56,-13884,33.24,-359,-44,-175,
46,5736,-76,-13968,33.24,-318,-256,-137,
47,5692,-136,-14028,33.28,-360,-105,-168,
48,5976,8300,-12932,33.28,-497,-1,-25,
49,5252,5556,-13744,33.33,-712,349,788,
50,5656,7532,-13184,33.33,-625,356,458,
51,6168,8324,-12644,33.28,-523,-136,-117,
52,6456,-3956,-13760,33.19,133,-968,-1223,
53,5036,3800,-14240,33.28,-815,653,710,
54,5696,208,-13696,33.28,-341,-20,-165,
55,5872,-148,-14360,33.28,-818,2084,-362,
56,3284,-2752,-15212,33.24,-4124,-49,848,
57,6008,4,-14824,33.19,-2880,1464,-388,
58,6364,1000,-13464,33.38,-3417,788,189,
59,5644,496,-13012,33.33,-1570,532,915,
60,5556,488,-12960,33.24,-769,1049,2264,
61,5676,552,-12884,33.33,-1918,1603,4363,
62,7660,1596,-13384,33.28,-1331,2608,4229,
63,8060,2280,-12488,33.28,384,1915,3288,
64,7784,1312,-11836,33.38,1576,1609,1680,
65,9492,296,-12756,33.33,1328,1527,2337,
66,10236,244,-12900,33.33,1038,1199,82,
67,9052,-872,-11600,33.33,-196,-488,-190,
68,8412,-728,-11848,33.28,-1865,1315,-442,
69,9476,-292,-15060,33.33,-4729,1913,-1021,
70,8500,476,-12848,33.33,-1979,-1150,-447,
71,8376,1032,-12688,33.19,-1138,-1078,-35,
72,8364,1056,-12712,33.28,33,-1746,17,
73,8184,692,-13212,33.33,-95,-777,-310,
74,8076,536,-12696,33.24,-99,-346,-315,
75,8172,548,-13040,33.28,-301,-566,-283,
76,8204,680,-12816,33.28,-592,-763,-182,
77,6876,956,-13108,33.33,258,-1810,-181,
78,6644,4796,-13704,33.24,7,-961,-362,
79,6488,3676,-13652,33.24,-336,-883,-281,
80,8596,1124,-13020,33.38,-956,618,-167,
81,8976,-3436,-12536,33.28,-170,-255,25,
82,7668,-2216,-12836,33.33,-503,-957,-269,
83,7968,928,-12796,33.38,-521,-341,-274,
84,7792,656,-13108,33.24,-803,-207,-284,
85,7748,764,-13140,33.33,-371,-394,-449,
86,7760,912,-12852,33.24,-747,-53,-373,
87,7712,792,-13160,33.33,-444,-189,-643,
88,7672,956,-13172,33.28,-1073,-11,-811,
89,7872,1056,-13000,33.33,-1724,205,-3209,
90,7340,2064,-12716,33.28,-3270,1898,-3296,
91,8316,400,-12688,33.38,1043,283,482,
92,9420,-1660,-12100,33.42,-453,274,226,
93,8164,-880,-12248,33.28,-289,-1018,-80,
94,6796,6140,-13576,33.24,-293,136,-380,
95,8544,3692,-13048,33.33,-1010,627,-190,
96,8884,-1856,-12140,33.28,265,-1040,151,
97,6460,5084,-13556,33.42,-335,-313,-493,
98,7880,1932,-12800,33.38,-251,-229,-93,
99,7924,2020,-12676,33.28,-346,-246,-186,
100,7896,1952,-12940,33.33,-226,-662,-141,
101,7856,1968,-12692,33.38,-274,-414,-117,
102,7852,2004,-12948,33.28,-532,-346,-165,
103,7752,2076,-12768,33.33,-298,-190,-95,
104,7820,2036,-13060,33.28,-260,-270,-97,
105,7748,1948,-12868,33.33,-237,-200,-112,
106,6624,3224,-13180,33.24,-33,-1015,-196,
107,8892,712,-12740,33.28,-748,708,-41,
108,9188,-284,-12556,33.28,-417,417,82,
109,9108,-1360,-12400,33.38,-479,272,184,
110,6900,2332,-12944,33.33,-88,-983,-209,
111,7756,4956,-13460,33.28,-825,596,-377,
112,7992,1516,-12748,33.24,-248,-335,-79,
113,7900,2012,-12792,33.28,-314,-198,-132,
114,7844,1924,-12844,33.33,-309,-387,-154,
115,7944,1648,-13020,33.38,-331,-219,-83,
116,7832,2124,-12808,33.42,-389,-363,-212,
117,7576,1788,-13080,33.28,20,-608,-144,
118,7764,1816,-12768,33.24,-526,-47,-130,
119,7716,1992,-13032,33.28,-426,-153,-188,
120,6816,3956,-13216,33.24,-269,-203,-367,
121,9080,-864,-12528,33.33,-626,154,231,
122,8192,-1268,-12296,33.33,79,-1010,52,
123,6640,2800,-13008,33.33,-344,-671,-401,
124,9004,-1656,-12364,33.33,-301,58,191,
125,7864,-568,-12472,33.38,-193,-893,71,
126,6456,4100,-13124,33.28,-45,-911,-315,
127,7864,2032,-12876,33.33,-424,-260,-144,
128,7868,1900,-12792,33.33,-308,-192,-117,
129,7736,2044,-12856,33.28,-401,-159,-167,
130,7768,1980,-12984,33.33,-287,-143,-172,
131,7784,2044,-12920,33.33,-330,-276,-147,
132,7640,1964,-12680,33.28,-367,-191,-141,
133,7868,1944,-12896,33.28,-339,-222,-67,
134,7820,2056,-12832,33.33,-464,-137,-129,
135,8220,3576,-13240,33.38,-603,489,-102,
136,8520,-1952,-12276,33.33,-22,-810,123,
137,6900,5944,-13608,33.28,-533,-2,-493,
138,8500,2448,-13084,33.33,-510,567,-216,
139,8140,-1444,-12244,33.38,-115,-573,197,
140,7368,5524,-13660,33.33,-656,386,-430,
141,7812,2076,-12820,33.28,-448,-180,-132,
142,7632,1980,-12772,33.24,-282,-187,-122,
143,7728,2040,-13004,33.33,-423,-236,-142,
144,7756,2212,-12924,33.38,-172,-223,-105,
145,7776,2124,-12956,33.28,-393,-281,-205,
146,7728,2040,-12896,33.33,-403,-169,-112,
147,7640,1984,-12772,33.38,-272,-188,-120,
148,7716,1936,-12984,33.42,-536,-78,-122,
149,9276,-1628,-12404,33.28,-156,-270,235,
150,6424,5600,-13276,33.42,-681,28,-524,
151,8856,1220,-12796,33.38,-628,616,-161,
152,7800,-624,-12548,33.33,-86,-814,99,
153,7368,588,-12756,33.42,-117,-861,13,
154,6916,1840,-12648,33.33,-26,-982,-34,
155,7544,3260,-13216,33.38,-481,-151,-197,
156,7764,2088,-13008,33.33,-226,-213,-128,
157,7732,1944,-12996,33.33,-329,-230,-124,
158,7684,2064,-12984,33.38,-281,-128,-84,
159,7868,2072,-12920,33.33,-288,-178,-131,
160,7772,1984,-12772,33.38,-325,-254,-140,
161,7728,2008,-12856,33.28,-447,-117,-127,
162,7860,1996,-13076,33.33,-330,-205,-113,
163,6864,4752,-13348,33.38,-492,-87,-462,
164,8956,692,-12960,33.33,-517,310,109,
165,9064,-572,-12632,33.42,-449,100,161,
166,8344,-1736,-12272,33.33,-13,-825,124,
167,6496,5556,-13444,33.28,-495,-66,-509,
168,8744,1624,-12940,33.33,-416,395,93,
169,9024,236,-12636,33.2ˇ                                              ,,,,
170,14920,7212,-2012,33.38,-5733,-3868,4450,
171,12808,7588,-3288,33.33,-7726,-4484,983,
172,9948,4644,-1700,33.28,-5640,-2264,2017,
173,12528,5228,-1208,33.42,-6381,-5466,1478,
174,12112,5572,-2696,33.38,-3496,-1282,149,
175,13228,6976,-1460,33.38,2500,2837,81,
176,12908,7896,-1232,33.33,1151,1686,-209,
177,13808,7392,-2564,33.38,3944,4065,-2416,
178,13752,10164,-3000,33.42,6281,2604,-3584,
179,12488,9056,-3020,33.38,2347,988,-2084,
180,13720,10448,-4008,33.33,11312,4185,-3007,
181,13704,10916,-3288,33.38,9880,2053,-3983,
182,14296,10020,-3732,33.33,2570,-1277,-7386,
183,14124,9164,-3504,33.42,1078,-4422,-8035,
184,14080,9596,-2764,33.33,-3588,-9242,-4514,
185,13508,7780,-2468,33.38,-5691,-9703,-939,
186,12856,6216,-588,33.33,-3184,-7747,-690,
187,16808,4956,488,33.33,-7746,-9953,2489,
188,14648,7644,-2180,33.33,-11751,-8404,13568,
189,13948,5956,-4916,33.38,-2802,2284,13698,
190,16168,12608,-4612,33.38,-3937,-331,14893,
191,12032,11356,-4700,33.38,-5473,587,12499,
192,8936,9600,-5888,33.47,483,6817,4616,
193,8168,11544,-4656,33.38,2099,6404,-184,
194,9360,12264,-4652,33.42,4790,4381,-971,
195,17156,12164,-4444,33.28,7556,1630,-10105,
196,15372,9556,-3400,33.33,10345,3978,-7118,
197,15768,8336,-2340,33.38,7860,-3014,-18478,
198,16976,7792,152,33.38,1545,-9928,-14547,
199,22160,9404,276,33.47,-5292,-11762,-17242,
200,15052,5744,-300,33.28,-5840,1831,-1149,
201,10984,5548,-1704,33.42,6769,9605,221,
202,12248,9224,-2432,33.38,8478,8806,3906,
203,16776,10736,128,33.33,-3493,-1661,11519,
204,18652,11948,-544,33.33,-13707,-13326,17992,
205,14796,6428,-4508,33.38,-6526,-1283,16455,
206,13088,10136,-7144,33.47,4139,14840,9935,
207,10464,13712,-5972,33.28,-2068,7490,6025,
208,9560,9504,-6048,33.38,-10876,-3966,3226,
209,10092,8248,-3244,33.28,-4149,-2745,-2492,
210,11504,8568,-5252,33.38,4361,2012,-9800,
211,13360,8408,-4764,33.42,7506,2784,225,
212,18736,9792,-2284,33.28,10637,-3443,-15333,
213,16592,6740,-1432,33.33,4421,-7887,-19246,
214,18328,9904,-2568,33.33,4913,445,-19753,
215,16720,10888,-796,33.28,-1888,-2524,-11067,
216,10844,7232,-932,33.33,-7835,-6949,524,
217,9524,5880,-1220,33.38,1533,1495,1039,
218,11232,8048,-1396,33.38,4567,5543,5910,
219,16432,10456,-480,33.33,-3169,380,10035,
220,17040,14224,-1560,33.33,-8949,-6546,19866,
221,14992,8460,-4528,33.24,-5110,3697,14937,
222,12040,8032,-3624,33.42,-136,5595,9720,
223,13800,11780,-6176,33.38,-2975,3455,7694,
224,10820,10624,-6004,33.42,-3188,685,4711,
225,9348,8832,-3920,33.33,-758,890,-2218,
226,11636,11708,-3272,33.33,2897,-771,-6623,
227,13644,8168,-2552,33.33,5433,-5005,2325,
228,16156,6220,-3776,33.28,11439,341,-16669,
229,16172,10040,-3864,33.28,5195,-6168,-17560,
230,16100,9652,-2736,33.28,1974,-3717,-17223,
231,17376,9776,-548,33.33,-2363,-5947,-19042,
232,12408,6508,-16,33.33,-2975,-6556,-7744,
233,9492,5996,-136,33.38,-31,-1774,275,
234,10352,7628,-1908,33.28,1157,3668,6322,
235,13464,9604,-1896,33.38,484,4321,10317,
236,15480,13248,-1648,33.33,-4068,-406,16368,
237,17984,14452,-3404,33.28,-8458,-3209,18807,
238,12496,9032,-5232,33.38,-5618,1302,14109,
239,12296,10116,-5564,33.28,1591,4297,4366,
240,12248,12728,-5720,33.33,-4260,-341,6918,
241,9096,9548,-5144,33.33,-948,2521,4562,
242,8832,7152,-5488,33.38,4961,197,-10265,
243,13200,9984,-3780,33.42,2770,-4775,4640,
244,14468,9040,-3840,33.38,3302,-1976,-14283,
245,18012,10756,-2228,33.42,6993,-3727,-21546,
246,16480,9360,-2908,33.33,4944,2410,-18720,
247,14064,7108,-696,33.42,5630,-1103,-17576,
248,15332,8736,-972,33.33,4541,-1134,-11860,
249,12184,8108,-2376,33.33,244,-424,-659,
250,10516,6596,-1040,33.33,-1803,975,3817,
251,12524,7296,-1228,33.38,340,2077,5186,
252,14220,9924,-1116,33.42,-6028,-1580,10763,
253,17516,11704,-1668,33.33,-9472,-4586,17271,
254,13824,12700,-4396,33.38,-10712,-5122,22050,
255,13212,10756,-4416,33.33,-3183,2932,10572,
256,12588,12616,-6544,33.33,-1718,4495,6340,
257,8580,10040,-5064,33.42,-1201,3207,6851,
258,7636,10576,-4644,33.28,-2002,2442,1747,
259,12360,10696,-4648,33.42,4653,783,8710,
260,12852,8068,-3660,33.28,3241,1269,-10725,
261,17244,11232,-1740,33.38,5468,-1555,-14645,
262,17456,11572,-3276,33.33,6730,461,-18565,
263,15444,10544,-900,33.33,5882,-436,-20377,
264,17708,8676,-1580,33.28,5319,578,-21485,
265,12988,10420,-428,33.38,1818,-5074,-6554,
266,10136,5796,-216,33.33,-1623,-2630,-2000,
267,9324,6208,-984,33.42,3682,3330,2570,
268,11440,9196,-2104,33.38,2136,6223,7708,
269,14220,10760,-960,33.28,-1780,1426,13089,
270,17348,14320,-5036,33.33,-13933,-8499,20003,
271,12252,11592,-7268,33.38,-18446,-9519,17405,
272,14652,7348,-5752,33.38,-3282,3558,6286,
273,9640,13116,-4072,33.33,444,633,9479,
274,8584,10584,-2412,33.38,634,784,4987,
275,10348,12408,-3484,33.33,10918,6912,-883,
276,11504,11648,-2828,33.33,6952,4774,1437,
277,13912,10656,-3288,33.42,5063,41,-13427,
278,20980,10856,-4760,33.33,7877,-2304,-21492,
279,15468,7940,-2280,33.33,3164,-1294,-17811,
280,15872,6868,-1092,33.33,1232,-3081,-17875,
281,12416,8696,-1352,33.42,5005,379,-7459,
282,9716,6920,-732,33.33,-531,-2841,-1500,
283,9912,7440,-2544,33.28,2997,153,3324,
284,12188,9564,-3908,33.33,2022,2442,5233,
285,12640,10344,-2476,33.28,-3633,-196,8770,
286,15544,12056,-3120,33.28,-9166,-2289,11524,
287,13120,11520,-3100,33.33,-12357,-3253,17679,
288,12924,16224,-7740,33.33,-10358,-8697,10671,
289,13312,13744,-4800,33.38,6907,6934,5688,
290,9192,9572,-5704,33.28,-7707,3713,4047,
291,9888,9216,-3780,33.28,-500,649,236,
292,14308,11084,-2268,33.28,-3612,-709,8408,
293,15160,9240,-4204,33.19,5832,166,7615,
294,16840,9880,-4324,33.33,5283,2244,-11245,
295,14332,10384,-2744,33.33,12030,596,-14572,
296,13972,8812,-2084,33.28,5493,1421,-12925,
297,16012,12604,-1560,33.38,5574,-1618,-11948,
298,11984,8728,-544,33.33,-4262,-6113,-2900,
299,9996,7344,-800,33.28,2105,-4918,-4575,
300,10264,7044,-876,33.33,2750,-1099,1316,
301,12708,8780,-1796,33.42,1668,703,6246,
302,16840,11656,-2380,33.42,969,-73,7979,
303,12820,11400,-3104,33.28,-7831,-2907,14688,
304,10600,6232,-4488,33.33,-8804,1048,11521,
305,15476,13868,-9700,33.28,-12075,-2519,5252,
306,9944,10868,-5292,33.33,2237,-521,5504,
307,9040,8784,-4060,33.28,-3093,10377,-53,
308,9984,10244,-3364,33.24,2910,3116,-1691,
309,12528,9624,-3356,33.33,2746,2429,1595,
310,13624,12312,-4496,33.28,4020,3941,-7096,
311,17268,11336,-3836,33.28,11190,2907,-8525,
312,12884,9348,-3752,33.33,13407,1879,-13134,
313,16012,8788,-2508,33.33,10008,-999,-16174,
314,12752,10148,-1644,33.38,138,-2321,-4253,
315,10172,7836,-244,33.28,-6923,-4657,814,
316,11712,6304,-876,33.24,-512,-1359,1616,
317,13272,8528,-688,33.24,-1079,776,5760,
318,15040,9144,-1688,33.28,-4884,-668,10189,
319,17408,13016,-3876,33.28,-9848,-3462,13968,
320,10280,12080,-4972,33.38,-7724,-3636,13797,
321,13332,10024,-8040,33.24,-12010,-7120,4047,
322,10412,12424,-5592,33.28,922,-1201,4693,
323,9596,8856,-4976,33.33,-3770,625,123,
324,10320,10384,-4404,33.28,-1240,-1287,-1724,
325,11976,10624,-4664,33.33,-643,2973,-4482,
326,14684,9244,-5044,33.24,5134,-887,-328,
327,14904,9804,-5352,33.28,6123,874,-13802,
328,14144,10196,-4228,33.38,5135,-1067,-13700,
329,13580,9228,-2812,33.24,1337,698,-10472,
330,15220,9284,-2588,33.33,701,-596,-6767,
331,11604,9524,-1708,33.38,2338,-704,575,
332,11312,7232,-736,33.33,-843,886,1336,
333,12032,8104,-1548,33.19,1159,3567,3298,
334,12376,9980,-904,33.33,-1623,1675,7923,
335,16300,11960,-1152,33.33,-3352,-424,11282,
336,13848,11268,-3112,33.33,-10906,-4303,14348,
337,9540,12724,-10552,33.38,-24344,-16162,9699,
338,13208,11184,-6432,33.28,5241,2095,2784,
339,10664,10360,-4436,33.28,-3095,4825,3623,
340,10408,9720,-4244,33.33,5163,1919,-2791,
341,11484,9556,-4016,33.33,587,-773,667,
342,12412,7668,-3984,33.38,6637,129,-5514,
343,12240,10696,-4440,33.24,5942,3381,-9650,
344,15920,12012,-4908,33.33,8045,4696,-15387,
345,13456,10812,-4980,33.24,4503,5045,-12060,
346,11520,8804,-220,33.24,-6336,-6450,-13028,
347,13896,8540,-1376,33.28,-513,-6573,-8800,
348,12628,8992,-1744,33.28,-1102,-2305,487,
349,10024,7148,-2492,33.33,2879,6401,2032,
350,11524,9824,-1484,33.33,5439,7277,5101,
351,12984,11564,-3520,33.28,2063,6300,9905,
352,13688,12848,-2076,33.28,-3569,-415,14014,
353,14620,15544,-5860,33.24,-12875,-5029,11555,
354,10232,9748,-2872,33.28,-16014,-10023,8570,
355,11640,10688,-9108,33.33,-10802,-4215,721,
356,10900,11512,-4224,33.33,-706,-4416,2481,
357,8840,7672,-760,33.28,2935,-2190,-5992,
358,11008,9520,-2800,33.33,5410,1178,-295,
359,11408,9340,-3092,33.28,4544,7079,-9263,
360,11600,12936,-4164,33.28,1459,6806,-5585,
361,15080,14044,-4804,33.28,-4310,-344,-10408,
362,11300,9588,-2860,33.33,-965,-238,-10248,
363,14372,9740,-1380,33.24,5103,1045,-11585,
364,13704,10732,-912,33.24,455,-1783,2347,
365,12548,10492,336,33.38,1109,982,4499,
366,13064,8484,-1340,33.28,6574,13114,2824,
367,12792,11400,-640,33.28,2317,10993,6713,
368,14980,11948,-3540,33.28,-4898,5606,13035,
369,5800,27048,-244,33.28,-31000,-19024,10324,
370,13640,7664,-3132,33.24,-5869,-13311,-1631,
371,10724,9280,-5980,33.19,-2546,-2018,-4334,
372,10852,9764,968,33.24,-6104,-2708,3749,
373,9352,12240,-20,33.24,-8772,-2348,-5726,
374,9880,10088,328,33.24,-4141,5804,871,
375,10436,9656,-196,33.28,519,12092,-208,
376,13396,11376,2476,33.24,6963,8705,2283,
377,17936,9432,3192,33.28,2354,12930,-1456,
378,12956,6920,1604,33.38,8807,7609,1730,
379,10164,9544,2884,33.38,6186,3889,-3110,
380,21120,17540,812,33.42,7514,-7654,-3591,
381,13832,13104,816,33.19,-79,-575,1069,
382,12660,8280,1588,33.28,-1996,5921,-3677,
383,12508,6240,6812,33.19,8801,11520,3580,
384,12104,11048,7880,33.24,724,8635,6923,
385,15636,14812,-1604,33.09,-21493,-8521,-3956,
386,12744,11568,5792,33.24,-68,-4530,-2434,
387,13488,9052,2576,33.24,7954,-16426,54,
388,12664,7156,468,33.28,-3451,-12957,-7481,
389,13424,11584,-2204,33.28,-3766,-9218,-1035,
390,8060,12048,1636,33.24,-4595,-2811,3797,
391,10640,8260,40,33.24,10651,1564,3114,
392,11064,10784,-1812,33.14,9624,4955,5894,
393,12216,11864,-1876,33.24,3367,9791,50,
394,15224,13948,-2260,33.28,10751,12839,-1791,
395,13016,11608,-1620,33.33,4234,3337,-3953,
396,12252,9160,-900,33.33,-4689,-5416,-10507,
397,14716,11612,76,33.24,-6260,-11383,-8528,
398,12192,10508,388,33.24,-4100,-10690,3321,
399,12388,7608,-684,33.33,261,430,-1443,
400,11616,10304,1140,33.19,3195,2654,5191,
401,14092,11300,-504,33.14,307,-1261,7763,
402,15484,12512,-268,33.19,-2411,-4529,8933,
403,14044,12092,-2988,33.19,-6854,-4774,9313,
404,10680,9292,-3336,33.24,-6310,-2781,6675,
405,12668,10148,-5884,33.24,-8732,-4829,1597,
406,10776,11604,-2928,33.24,7743,1209,3907,
407,9844,10200,-2160,33.33,-1972,-1985,-2025,
408,10572,8640,-3012,33.24,3157,219,-7741,
409,11676,11032,-2420,33.24,721,2445,-3505,
410,14580,12904,-3920,33.28,5497,3944,-11039,
411,15980,12836,-4980,33.24,6838,4507,-12760,
412,11692,9760,-2820,33.33,2310,2971,-12928,
413,13384,9424,-292,33.24,-558,-1636,-12132,
414,12316,9524,92,33.24,1736,-689,-1069,
415,10520,8800,552,33.19,-688,-126,1661,
416,11032,9948,-388,33.19,1732,4074,4169,
417,12416,12076,-1484,33.14,-35,3897,7045,
418,12488,11448,224,33.19,-2589,-1354,8600,
419,14896,11592,-2688,33.19,-5369,-2583,8825,
420,13460,11956,-3076,33.28,-6113,-7403,15436,
421,10116,13596,-3424,33.24,-6046,-6357,8390,
422,13676,10032,-4068,33.28,-940,1183,3454,
423,9028,13416,-2964,33.24,5102,1691,3912,
424,10364,8124,-1364,33.14,-891,-1026,-7045,
425,10908,9100,-3980,33.24,3771,-1160,2588,
426,11724,12660,-4168,33.28,614,1225,-7576,
427,14256,13400,-4764,33.19,7475,4445,-11992,
428,15032,13092,-4108,33.19,3916,6329,-13018,
429,12064,10656,-1584,33.24,-76,-357,-15014,
430,15328,11644,-1100,33.24,-33,-2887,-13778,
431,11828,12092,288,33.19,-1171,-7426,-3502,
432,10488,8160,68,33.19,-4311,-3640,-4091,
433,10496,5292,-1572,33.24,1802,7193,170,
434,11668,9892,-792,33.19,2691,6007,9565,
435,16776,13324,-800,33.24,600,1019,16942,
436,13920,16028,-4008,33.28,-7536,-9608,21672,
437,10380,12716,-4408,33.14,-2172,-5123,12538,
438,13116,12748,-7060,33.24,-2268,7919,2735,
439,7756,13408,-3300,33.19,411,2397,6331,
440,8260,8808,-2084,33.14,-3840,2865,-1770,
441,10796,7776,-2260,33.19,2057,0,-7663,
442,12912,11564,-2736,33.14,2561,273,1394,
443,15180,11604,-4052,33.19,10131,5109,-12080,
444,14692,11968,-3080,33.14,10095,1796,-17908,
445,13812,9280,-1420,33.09,317,-543,-14776,
446,16316,12572,-1252,33.14,132,-4562,-13572,
447,11852,10368,-912,33.24,-5307,-5951,-955,
448,9616,7832,-312,33.19,-1117,-1421,-2765,
449,11680,7332,-1240,33.19,3431,4943,1820,
450,12528,10132,-372,33.14,25,1447,7082,
451,15548,12924,-60,33.14,-3451,-5043,13229,
452,15856,14236,-2344,33.33,-6486,-4491,16431,
453,11448,10952,-4468,33.19,41,-879,13696,
454,13428,10672,-7748,33.24,-16982,-5101,6783,
455,11352,14036,-4588,33.19,6014,2842,4670,
456,8408,9556,-3424,33.19,-4459,1011,2765,
457,9268,9892,-2872,33.24,-3221,-1647,-536,
458,10784,10264,-3376,33.24,1065,-1630,4478,
459,12960,10940,-1948,33.24,3896,-361,-9341,
460,16240,11988,-3356,33.14,6118,2424,-13940,
461,14652,13772,-1544,33.09,775,2218,-10732,
462,16696,10912,-892,33.28,-1633,-1635,-14538,
463,12888,9620,-860,33.14,-621,-1270,-8370,
464,10472,7148,-464,33.09,3264,-634,-4245,
465,11340,8112,-1240,33.19,3740,2080,373,
466,11992,8896,-588,33.28,797,877,6002,
467,15420,11508,284,33.19,-1716,-1933,8991,
468,15984,12576,-284,33.19,-6695,-7773,15443,
469,11380,8860,-2804,33.19,-6293,-2529,16326,
470,10104,16604,-10588,33.14,-12185,-6499,7724,
471,10228,15984,-5564,33.09,11329,2622,5660,
472,8540,9420,-4120,33.19,-7985,2850,1966,
473,8976,8872,-2560,33.24,3239,4408,-4988,
474,10700,11184,-3616,33.14,3880,5516,1586,
475,13856,13804,-3500,33.28,5833,-2063,-5974,
476,17316,12160,-3496,33.24,379,-1274,-15474,
477,12944,10740,-2284,33.24,2234,1356,-15851,
478,15840,8828,-1044,33.09,-2131,629,-17442,
479,12888,10964,-68,33.19,318,-377,-3785,
480,11504,7268,228,33.19,-769,-2317,-177,
481,11796,7220,-820,33.14,3168,3657,3715,
482,12952,9876,-976,33.09,4091,6196,7784,
483,14728,11504,-1088,33.24,-403,2596,12331,
484,16900,14576,-2200,33.24,-2197,-2006,16010,
485,11832,13504,-3456,33.28,-8102,-6206,15024,
486,10504,8412,-4936,33.14,-10071,-16,4737,
487,13452,12756,-5500,33.19,-2338,1021,1888,
488,9344,10884,-3660,33.19,-3904,-4044,3184,
489,11216,9104,-2720,33.09,-4007,-2318,-84,
490,11848,9376,-3500,33.19,4103,853,1188,
491,12772,9580,-3620,33.14,4975,1133,-9113,
492,15236,9732,-4188,33.19,5093,1324,-10321,
493,14936,11920,-4084,33.19,5846,6452,-11328,
494,12840,10104,-2512,33.24,1507,1185,-11812,
495,13732,9208,-868,33.14,2568,143,-12300,
496,13880,10564,-1308,33.19,1706,-2621,-2772,
497,11540,8872,-988,33.14,-508,223,2236,
498,11296,8660,-1468,33.14,1853,2842,1473,
499,13008,10876,-520,33.19,-211,1226,6425,
500,15488,10336,-2124,33.14,-3717,-1874,9632,
501,13836,11296,-2024,33.19,-8910,-8450,12536,
502,11400,9676,-4464,33.24,-6560,-4144,7916,
503,11384,11196,-8352,33.24,-14243,-7373,4700,
504,9984,10148,-3680,33.24,5945,5331,4232,
505,9368,10404,-3396,33.14,-2040,3189,156,
506,10660,10896,-3712,33.09,1745,442,-1441,
507,12036,11504,-3792,33.19,2540,1259,-163,
508,14912,11428,-3804,33.14,5140,3246,-11348,
509,14964,11732,-3892,33.24,8827,4015,-11160,
510,11168,10588,-2052,33.09,-1950,-1033,-11276,
511,14904,8536,-504,33.14,-784,-1305,-12861,
512,13108,9760,-848,33.24,2101,-114,-1287,
513,10900,8536,300,33.09,-524,-1650,1816,
514,11184,8780,-1528,33.14,2708,3228,2940,
515,12164,11576,-1660,33.19,160,2021,7301,
516,14336,12220,-2576,33.24,-1573,346,9793,
517,12760,13668,-2472,33.24,-7112,-9340,10678,
518,11224,11284,-3668,33.14,-9189,-10129,9551,
519,11080,12140,-7920,33.24,-11392,-4127,2958,
520,10836,9500,-3812,33.14,623,537,1381,
521,9216,10948,-4024,33.19,-1195,2090,1249,
522,9840,10640,-3272,33.24,2408,1090,-371,
523,11448,12328,-3372,33.14,3343,5229,-889,
524,13560,9984,-2868,33.09,5173,3839,-8540,
525,13752,10500,-3772,33.19,6268,2933,-9965,
526,12168,10120,-3764,33.09,814,2075,-8444,
527,12692,9472,-1612,33.09,-3985,-2200,-9218,
528,15104,11232,-804,33.19,-1447,-2871,-4107,
529,12492,9720,340,33.24,632,-316,704,
530,11580,8340,-1208,33.19,4348,4834,1264,
531,12168,10716,-1560,33.09,4468,5773,5348,
532,13104,11356,-1912,33.14,-2527,230,8373,
533,14296,12836,-3268,33.05,-6345,-6646,11003,
534,10248,12188,-3052,33.09,-14118,-10736,8946,
535,13916,7108,-8184,33.14,-11996,-2782,3022,
536,10096,13436,-3900,33.09,7685,4048,2108,
537,9380,9808,-2860,33.14,-1684,-1563,1230,
538,10772,10708,-3676,33.14,-34,271,-979,
539,12928,10404,-3584,33.14,2061,2857,-1313,
540,14776,10776,-4060,33.24,3217,-162,-10570,
541,15392,9668,-3768,33.19,3333,-316,-9925,
542,10104,9648,-2496,33.14,464,1844,-7935,
543,15152,9984,-2268,33.19,152,2122,-9514,
544,12764,11812,36,33.05,-1649,-2800,594,
545,11452,7820,-224,33,-2599,-3425,-441,
546,11752,8716,-372,33.05,4807,2502,1283,
547,13272,11008,-1080,33.19,1725,3584,5854,
548,13340,11424,-2996,33.09,669,2939,8063,
549,11268,13260,-1868,33.05,-7455,-6701,9918,
550,12992,12112,-4708,33.14,-10311,-8330,9255,
551,11212,7484,-6884,33.09,-1344,4151,2377,
552,9900,11776,-4656,33,2707,3189,1448,
553,10824,10976,-4128,33.14,-1674,-2836,2030,
554,12700,10568,-2872,33.14,302,488,-2126,
555,10984,10112,-3144,33.14,3701,2133,-715,
556,14268,10844,-3716,33.09,2506,-1289,-11409,
557,14800,11356,-4140,33.14,5076,2155,-9102,
558,13548,10700,-2156,33.14,3593,4986,-9921,
559,13924,10468,-1548,33.05,-238,2011,-8418,
560,11864,9332,332,33.14,-1081,-2798,-1723,
561,11764,8192,-660,33.19,2653,-347,-1577,
562,11824,9484,-956,33.14,2147,1165,3734,
563,12728,10256,-2212,33.19,84,67,7043,
564,14080,11396,-2336,33.19,-1796,-1306,8874,
565,12684,12044,-3692,33,-8183,-6801,10353,
566,12808,11040,-5580,33.05,-6864,-1066,7367,
567,13512,7536,-6632,33.09,-1896,4625,2263,
568,9684,11272,-3648,33.14,-516,-1459,2134,
569,10300,9488,-3988,33.14,-1393,-2139,266,
570,11404,10152,-3992,33.14,1455,1937,93,
571,11556,10628,-3872,33.09,4029,3893,-1731,
572,13168,10124,-3920,33.09,2715,-788,-7966,
573,15164,10516,-3756,33.19,3479,-1191,-9750,
574,12680,10972,-3868,33.09,3104,1909,-9151,
575,14452,9440,-1852,33.19,-2857,-436,-11961,
576,13276,10436,-1932,33.14,1134,374,-2885,
577,10816,8236,-1508,33.09,-202,-481,-1156,
578,11288,9352,-1472,33,4975,1678,16,
579,13544,11272,-1724,33.09,1970,1250,3812,
580,12740,10752,-2460,33.19,-1187,-544,6803,
581,12328,11796,-3120,33.09,-3586,-2522,8365,
582,12108,11096,-4488,33.14,-8517,-5159,10060,
583,9612,16188,-9312,33.19,-10804,-6312,5360,
584,11884,8088,-4596,33.19,2944,7102,2089,
585,9176,11088,-3608,33.05,2919,5540,3751,
586,10072,10064,-2808,33.05,-73,-2069,1381,
587,11440,8296,-4656,33,969,518,-3633,
588,11656,8980,-3848,33.05,2087,29,397,
589,14420,11820,-4156,32.95,1405,-994,-8696,
590,12928,11456,-3784,33.14,3310,-714,-8986,
591,14508,9508,-4016,33.05,-1786,1859,-10963,
592,13724,11128,-2116,33.14,-472,184,-5183,
593,11576,9232,-1416,33.14,-3151,-1024,-2330,
594,11128,8688,-780,33.05,2548,-1455,-2050,
595,12236,10768,-732,33.05,4060,-1154,787,
596,12528,10112,-1884,33.09,1827,-889,3107,
597,13532,10724,-2416,33.05,-1392,-2081,5685,
598,11468,10532,-3816,33.09,-2182,-1960,8887,
599,12812,9240,-5640,33.09,-6178,-2351,5980,
600,11720,13320,-8912,33,-10565,-5944,5849,
601,10244,8956,-4092,33.14,-1114,-674,4093,
602,9876,10296,-3536,33.14,-534,1926,816,
603,10512,10612,-3904,33.05,-2505,188,2345,
604,10816,10716,-4308,33.05,1570,4188,-29,
605,13684,11396,-4900,33.19,4456,4839,-5548,
606,14444,11872,-4672,33.09,6074,2115,-7370,
607,12544,9984,-2536,33.19,561,-3976,-10253,
608,15656,9952,-2928,33.09,2358,-446,-9920,
609,12576,10512,-1220,33.19,-609,-1031,-4483,
610,11152,7408,-1044,33.09,-1370,-140,-3179,
611,11708,9596,-456,33,1928,-592,1064,
612,13716,9884,-1424,33.05,612,-837,3784,
613,12832,10228,-2364,32.95,-595,-2170,7270,
614,13416,11788,-3012,33.05,-3003,-3191,9476,
615,11948,11900,-4212,33.19,-8962,-6742,10142,
616,12552,9612,-5772,32.95,-1500,426,7020,
617,10056,10192,-4660,33.09,2514,6280,3096,
618,9748,11020,-4572,33,-640,162,1919,
619,10596,9756,-4404,33.09,123,-125,-1096,
620,11008,10520,-4024,33.05,489,1540,-1650,
621,12560,10676,-4176,33.14,2237,3542,-3593,
622,15388,10840,-4064,33.14,3261,-835,-8355,
623,12796,11392,-3500,33.05,4719,-3240,-8377,
624,12192,7768,-3708,33.09,608,1510,-11255,
625,15124,11092,-2704,33.05,2367,3014,-6162,
626,12516,8596,-1720,33.05,-1535,-505,-574,
627,10324,7516,-1624,33.05,522,-1504,-820,
628,12448,9856,-1236,33.09,2379,-702,2080,
629,13176,10716,-2320,33.14,315,-949,5146,
630,12056,11804,-2572,33,-2254,-2377,7804,
631,12764,10616,-5140,33.05,-5450,-1071,7461,
632,11752,11428,-5028,33.14,-8053,-3601,3055,
633,11120,12016,-7804,32.95,-6998,-666,3777,
634,9628,9952,-3672,33.14,3492,4061,2262,
635,10016,9884,-3956,33,-3427,-881,1505,
636,10820,10124,-4640,33.14,-650,160,1622,
637,10620,11076,-4508,33.09,4405,5767,-3610,
638,13744,11684,-4316,33.09,5610,2120,-4093,
639,15436,11992,-4160,33.09,4431,-672,-10239,
640,12864,10016,-3036,33.09,2207,-1709,-8828,
641,14440,9872,-2628,33,967,1658,-9736,
642,12880,9988,-960,33.09,935,1138,-5157,
643,11068,7444,-796,33,73,-428,-2145,
644,11260,9404,-716,33.05,1294,-1870,1544,
645,13112,10104,-1668,33.05,1162,-669,3016,
646,12544,10104,-2140,32.95,373,552,6171,
647,13360,10672,-3896,33,-2768,-1626,8632,
648,13008,12340,-4712,33.19,-5045,-2955,8425,
649,13500,10888,-5744,33.05,-7003,-2282,4342,
650,11196,8696,-6028,32.95,-3325,323,4120,
651,9844,10464,-3628,33,46,1525,3237,
652,10704,9428,-3772,32.91,-1774,-890,1051,
653,10584,10212,-4732,33.09,-59,2920,1403,
654,11320,11648,-4000,33.05,2090,2180,-214,
655,13872,11872,-4056,33,3186,2459,-4434,
656,14388,10412,-4720,33,6567,2184,-11318,
657,13604,9780,-3448,33.09,4021,-1418,-10436,
658,14932,10224,-2180,33.14,3112,-1182,-8148,
659,12344,8296,-1264,33.05,-2539,-1434,-3425,
660,11648,6576,-1184,33,986,1329,-1342,
661,12136,9388,-1300,33.05,1643,-83,2966,
662,12632,10092,-2900,33.05,196,-2427,6032,
663,14012,11612,-2880,33.05,-2463,-3863,7913,
664,13148,11116,-5292,33.14,-5286,-2840,7952,
665,11812,10836,-5372,33,-5613,-1650,7199,
666,10760,10136,-6504,33.09,-7253,2589,3706,
667,10356,10200,-3592,32.91,3022,1758,3682,
668,10184,10952,-4700,33.05,-1711,1731,-67,
669,11688,9844,-4712,33.05,1307,757,-1809,
670,11836,9896,-3828,33,2315,4383,-2690,
671,15928,10704,-3796,33,4381,5035,-5678,
672,16064,10472,-2776,33,7214,4325,-5788,
673,10856,7200,-1996,33.09,3040,-1236,-9227,
674,15348,9124,-2548,33,3462,-525,-7064,
675,13488,9924,-1604,33.05,-2009,-2191,10,
676,12264,8484,-1372,32.95,-2019,-234,170,
677,12120,9136,-1972,33,1933,2022,1350,
678,12496,9872,-2140,32.95,-1629,-2145,4149,
679,13532,10712,-2760,33.05,-3165,-4320,5769,
680,12904,10732,-5372,32.95,-8140,-5982,6987,
681,13188,11860,-4420,33,-11855,-10746,8467,
682,9448,11236,-5820,32.95,1818,8224,-863,
683,8868,10360,-3228,33,3411,2298,3823,
684,9660,10888,-3604,33.05,-38,-663,-175,
685,10784,10320,-3824,33,1256,1282,-2023,
686,11876,10800,-3640,33,1938,3578,-3267,
687,14688,10424,-3520,33,2608,3338,-6845,
688,16952,10764,-3156,33,7479,5534,-6892,
689,11196,8092,-2148,33,2164,1656,-7786,
690,14504,8492,-2196,33.05,3581,-70,-6626,
691,13500,10732,-1168,33.05,-1773,-4874,-1608,
692,11572,7868,-1608,32.95,-2095,-2334,-365,
693,11732,10024,-2024,33.05,2830,1242,2334,
694,11768,11344,-2472,32.95,725,-720,4700,
695,12096,10816,-2188,32.91,-4129,-5699,5512,
696,12656,11664,-4816,32.91,-4300,-4522,5807,
697,12192,10816,-5508,33.05,-7102,-5501,5609,
698,12960,11820,-7112,32.95,-7998,-4049,5496,
699,9420,7536,-5792,32.95,-2941,2279,3696,
700,8488,10152,-3552,32.95,5023,4482,2846,
701,9112,11804,-3076,33,-935,802,2628,
702,11136,12232,-4172,33.05,303,897,336,
703,13228,12000,-4188,33.05,3751,4713,-4689,
704,17012,12472,-3560,32.95,7000,3616,-4973,
705,12444,10260,-2776,32.95,5527,-1426,-11235,
706,15612,9580,-2864,33,3639,-1274,-11164,
707,12204,8376,-1784,32.95,-630,-701,-5118,
708,11088,7148,-624,33.09,-1759,1134,-1238,
709,11600,9356,-392,33,1958,1218,2975,
710,13108,10696,-1236,32.95,1024,-711,4445,
711,13688,11104,-2524,33.05,1577,-274,5715,
712,12756,11956,-4592,33,-3707,-2444,8945,
713,10896,11344,-3716,32.95,-15409,-10913,4209,
714,13112,8736,-5436,33,-7153,1770,3239,
715,11144,9268,-4316,32.95,2270,5665,3792,
716,10216,10504,-4832,32.95,-980,-629,2169,
717,10048,10088,-4228,33,-476,-936,-894,
718,11136,10332,-3880,32.95,454,2272,-1387,
719,12508,10048,-3568,33.05,3392,3057,-3082,
720,15444,11280,-2920,33.05,6318,5201,-4763,
721,13516,10500,-3016,32.95,10428,3584,-10484,
722,13636,8744,-2456,33.05,3792,-1843,-10892,
723,14580,10608,-1568,33,-935,-6670,-4984,
724,11812,8268,-1232,33,-5920,-5180,-1969,
725,11256,6184,-456,32.95,1086,1706,-1120,
726,12296,8648,-1884,33.05,5788,6477,4343,
727,12276,11688,-2188,33.05,3567,1555,7448,
728,14160,12276,-3804,33.09,-5943,-3949,8992,
729,10708,10832,-4660,32.95,-8946,-5089,7994,
730,14412,12820,-5500,33.05,-7800,-3978,3751,
731,13076,7872,-6676,32.95,-18100,-2603,3739,
732,9768,8884,-4380,33,8274,4440,1798,
733,9448,10428,-5292,33.05,-465,3041,2577,
734,11088,11540,-4284,33,2744,-188,1076,
735,11556,9196,-3884,32.95,837,896,-1795,
736,12912,9944,-2684,32.91,2246,1455,-4678,
737,16836,10492,-2424,33,5795,-1193,-9370,
738,12248,10108,-3248,33,5253,-774,-7673,
739,12848,8020,-3312,32.91,-1446,-678,-8978,
740,15116,11496,-2908,33,1776,1874,-5241,
741,11692,8780,-2236,33,-2663,1276,-897,
742,11020,9196,-1828,33,2809,-522,-547,
743,10920,10540,-1868,32.95,1727,-884,1940,
744,11884,11204,-2052,32.95,-1534,-3413,3618,
745,12912,11200,-1836,32.95,-3074,-3506,4386,
746,12392,10180,-2676,32.95,-6306,-3376,6056,
747,13540,9988,-2308,33,-5312,-2309,4231,
748,12436,12916,-10680,32.95,-16209,-9558,7417,
749,9820,9916,-3340,32.95,8272,6033,4781,
750,9660,10752,-4980,33,-2399,6816,2304,
751,10244,11160,-3884,33.05,1166,1394,2685,
752,10828,11252,-3784,32.95,559,2298,1013,
753,13220,12004,-4024,33,2040,1545,-3630,
754,15008,12848,-3968,33,6654,1480,-4877,
755,11936,9112,-1572,32.91,4452,-4284,-7279,
756,16372,10308,-1840,32.91,4811,-2387,-11539,
757,12320,7824,-256,32.95,-1090,-4690,-3272,
758,12284,6224,-332,32.95,-1446,656,-2248,
759,12256,8748,-200,33,935,4170,1428,
760,12548,9532,-1128,32.91,1651,740,3193,
761,13548,11452,-2536,32.95,-1571,-2902,6071,
762,12712,10592,-4260,32.95,-1916,-402,8914,
763,12064,12872,-3244,32.95,-8140,-6573,8658,
764,15332,10160,-7744,32.95,-5921,809,2744,
765,10068,11676,-3688,32.95,-4348,2771,7144,
766,9812,10224,-3456,33.05,-4542,-1033,1735,
767,10432,9940,-3940,32.95,-4769,-4121,-754,
768,10728,11036,-3084,32.95,1642,2240,418,
769,13600,11416,-2620,32.91,2271,3434,-3795,
770,14984,12236,-2136,32.91,4772,4596,-4914,
771,12312,9528,-1328,33,3408,-1419,-1992,
772,17024,8864,-1868,32.91,3244,-2064,-11434,
773,16892,11020,-2320,33,6013,-1691,-3921,
774,11464,7472,-1340,33,-1297,-1483,-4308,
775,10996,7648,-1632,32.95,1299,867,-2168,
776,11792,9528,-716,32.91,1642,-675,833,
777,11908,10260,-1268,33,3278,-2179,3311,
778,13836,12044,-1732,32.91,990,-1333,4797,
779,12740,10024,-5752,33,-6832,-2049,9444,
780,13672,10912,-3460,32.91,-8342,-7895,5502,
781,12924,11380,-6360,32.91,-2181,4234,2532,
782,10400,9924,-4920,33,-1765,3379,5201,
783,9340,9960,-5240,32.91,-2785,4177,2615,
784,10568,11708,-5472,32.95,352,2935,2173,
785,11932,10916,-4660,32.95,2573,1596,-1186,
786,11888,12900,-3568,33,4285,641,-4856,
787,17920,11748,-3920,32.86,6566,5627,-5796,
788,13016,9644,-2220,32.95,2418,-5514,-2809,
789,15156,9132,-1168,32.86,1403,-8603,-10893,
790,14308,10048,-2400,32.91,-546,-5604,-5332,
791,11108,6884,-776,32.81,-2812,916,-2723,
792,11164,7796,-1100,32.95,1673,5208,-225,
793,13472,10624,-548,32.91,-2096,-596,5841,
794,12568,10568,-1800,32.95,-3120,-2287,7153,
795,15940,11268,-3344,32.91,-4478,-2634,8566,
796,11104,11532,-3548,32.91,-10149,-6015,11482,
797,10880,10596,-4744,32.86,-5684,4872,4723,
798,11296,11148,-4552,32.95,-2406,467,4019,
799,10180,9800,-3784,32.95,-2738,-757,3893,
800,10244,10456,-4060,32.91,706,1735,-238,
801,11892,9848,-3448,32.91,-615,1063,-1420,
802,12160,9700,-2916,32.86,2559,2877,1130,
803,14412,10836,-3328,33,4531,2619,-6623,
804,16048,12192,-3864,33,9321,1422,-11983,
805,12176,9468,-2352,32.91,8296,4282,-15618,
806,15912,11448,-636,33,3091,-131,-13046,
807,12532,10372,-248,32.91,206,-2753,-452,
808,10896,8308,336,32.86,-1369,-4590,-1959,
809,11432,8736,-924,33.05,3542,-719,451,
810,12528,9688,-1404,32.86,-1836,-1811,4208,
811,14344,11204,-2668,32.86,1864,527,6427,
812,12364,10340,-1580,32.91,-7523,-4447,11576,
813,13224,11244,-2120,32.95,-17035,-8107,13160,
814,14980,10544,-8312,33,-11576,3331,7334,
815,9496,11984,-3616,32.95,6835,9115,8026,
816,8428,11568,-3716,32.91,209,4412,1433,
817,11700,12024,-4548,32.86,-1522,-3080,-1636,
818,11976,10600,-3856,32.95,1871,-666,-1608,
819,12440,7976,-2484,32.95,1934,412,881,
820,14752,11140,-3804,32.81,4156,685,-10635,
821,15604,12884,-4072,32.86,16340,2984,-10590,
822,16668,10336,-3264,32.91,6795,-1285,-11481,
823,13092,9172,-120,32.95,-4050,-5833,-6080,
824,12272,7720,104,32.95,-5623,-4252,-4547,
825,11076,7884,-424,32.91,4146,867,-50,
826,12048,9192,-412,32.91,540,-704,3649,
827,13024,9392,-2820,32.91,-822,155,7115,
828,15676,12188,-3204,32.86,-3598,-280,10331,
829,12620,12400,-1648,32.86,-13791,-8261,14408,
830,11916,8996,-6968,32.91,-4511,3694,6385,
831,11396,10316,-5524,32.86,4593,8542,2100,
832,9860,10232,-3372,32.86,-679,-212,4593,
833,9952,9980,-3340,32.91,-2794,-2683,-167,
834,10784,8992,-5024,33,-581,2185,95,
835,12856,7248,-4224,32.81,5018,2712,2652,
836,12820,10876,-4216,32.86,2670,157,-10815,
837,15460,11436,-3884,32.95,7399,-1803,-10904,
838,11928,8496,-3052,32.91,5102,3215,-10379,
839,16588,10364,-1332,32.81,850,-812,-8815,
840,14372,10108,-268,32.81,-4527,-6406,-1829,
841,10884,6932,-196,32.91,-3389,-4797,-2383,
842,11248,8332,-2416,32.91,2848,2547,1472,
843,12284,10616,-2680,32.95,884,2275,4479,
844,13396,10768,-3420,32.86,-865,1264,6234,
845,14324,12180,-3832,32.81,-4303,-629,8549,
846,12824,10660,-4388,32.91,-9329,-4041,9751,
847,12012,10312,-3884,32.95,-10210,-4310,6183,
848,13076,8536,-4500,32.86,-12282,-4638,4888,
849,9476,10608,-2880,32.95,-2454,-3049,4044,
850,10400,9024,-3248,32.95,246,1646,1353,
851,12108,11092,-3936,33,2955,949,3894,
852,12076,9960,-3392,32.86,861,1085,-5462,
853,15480,10660,-4480,32.86,4709,3526,-5706,
854,13428,11468,-3264,32.86,7668,5612,-9672,
855,10724,9784,-1972,32.91,2818,4561,-11627,
856,15300,9380,-1304,32.81,3762,1753,-13911,
857,14448,12268,-1100,32.81,4900,-1244,-1217,
858,11668,8800,-108,32.86,-1443,-3918,931,
859,11700,8664,-1780,32.81,4688,3624,-83,
860,12940,10340,-1580,32.95,2384,4744,3010,
861,12796,9252,-788,32.81,-4026,-2564,6849,
862,15548,10604,-1972,32.91,-4360,-2934,7537,
863,13432,11116,-3108,32.81,-10643,-4998,11008,
864,12272,9992,-3996,32.86,-9682,-5451,8290,
865,13360,10216,-4556,32.86,-2584,1666,3265,
866,10692,12212,-3780,32.86,135,1529,7333,
867,9964,9652,-3360,32.81,1894,2094,-282,
868,10976,7892,-3196,32.86,3591,-642,-6515,
869,12368,9368,-2792,32.81,1750,-1797,-2311,
870,12420,10516,-2620,32.91,5335,1988,-9154,
871,16404,12492,-3836,32.91,7880,5691,-10018,
872,13372,11624,-2300,32.91,4853,4828,-12109,
873,16412,10968,-944,32.95,4585,-187,-13754,
874,13580,10576,-596,32.91,271,-5718,-7513,
875,9604,7136,-892,32.81,-2991,-5878,-4616,
876,9320,6860,-1372,32.86,2486,929,-1258,
877,11724,9364,-1116,32.81,1356,2955,5295,
878,15192,11416,-1988,32.86,-2579,1395,11391,
879,17376,13388,-1584,32.86,-4062,-346,13869,
880,13656,12008,-3212,32.91,-11472,-4982,14488,
881,12456,12256,-5688,32.95,-15999,-3805,9521,
882,12844,13296,-4188,32.91,1985,1963,7594,
883,8848,12640,-3436,32.86,-986,2736,5039,
884,9856,9732,-3604,32.81,2090,465,-1758,
885,11052,9416,-3044,32.86,4406,1594,-7356,
886,12424,8104,-3432,32.81,4396,-1078,-2518,
887,15220,10984,-2820,32.81,3671,-2015,-15347,
888,18260,11992,-4464,32.86,14782,4140,-16692,
889,13124,10732,-444,32.81,6749,687,-12994,
890,14668,9216,-1408,32.77,-3124,-5831,-15267,
891,12772,7804,-748,32.91,95,-3945,-3168,
892,10168,6884,-1412,32.95,907,-537,1620,
893,10668,8368,-2288,32.91,4363,3593,6388,
894,13340,11324,-1640,32.86,-2006,624,11002,
895,15232,13408,-3472,32.86,-5704,-1750,12139,
896,11984,14092,-2516,32.81,-11284,-6782,14619,
897,10664,11896,-3944,32.86,-7924,3417,6974,
898,11692,10516,-6704,32.77,1456,3199,5329,
899,8468,11276,-4328,32.91,732,-1015,5331,
900,9584,11112,-3556,32.86,-443,-2286,963,
901,10256,9972,-4276,32.81,735,588,252,
902,12640,9924,-372,32.81,5789,3475,1773,
903,13956,8540,-3996,32.86,10944,3797,-14895,
904,17780,9964,-5320,32.77,4103,-1478,-11683,
905,12712,9468,-5420,32.86,4935,2399,-9762,
906,12392,9580,-3420,32.86,-6851,-3179,-9681,
907,14196,10880,-2364,32.86,-7267,-7132,-3533,
908,10560,9164,-676,32.77,-570,-5438,-2072,
909,9920,8232,-464,32.86,6246,-912,-1640,
910,11000,10572,ˇ                                                         ,,,,,
911,11908,9376,-2728,32.81,4105,-511,-5467,
912,11864,9612,-2468,32.91,6719,-262,-7907,
913,13340,11448,-2472,32.86,7426,-5089,-8908,
914,13048,10028,-3364,32.81,6745,-7456,-9531,
915,13804,13292,-4644,32.81,7502,-9774,-6242,
916,11780,13400,-7320,32.86,1685,-13353,-4748,
917,9540,11760,-9300,32.67,4008,-9298,-4694,
918,5104,10908,-9060,32.72,2288,-3240,-1748,
919,5020,10556,-8900,32.77,3264,-2322,-4192,
920,4448,10304,-8512,32.86,513,-4000,-2012,
921,4528,9076,-8760,32.81,10,-4178,-1173,
922,3968,10208,-9316,32.81,-989,-4516,79,
923,4080,11280,-9896,32.81,-3824,-2900,-341,
924,4720,10860,-11696,32.86,-2377,-1442,-724,
925,1920,12428,-8652,32.86,-1460,-3098,-55,
926,3008,11368,-9792,32.81,4505,3073,-1341,
927,3680,11744,-9028,32.81,-50,-2057,1165,
928,2832,12128,-8416,32.81,6004,-1333,-516,
929,2668,9424,-9728,32.86,-3828,-2002,642,
930,3276,9940,-11472,32.72,299,-1571,148,
931,3916,9496,-10468,32.81,-601,1049,869,
932,3348,11760,-10636,32.81,-2196,-2049,842,
933,3016,11084,-9868,32.81,577,119,-211,
934,3316,10728,-10200,32.81,-3382,214,1497,
935,2916,11032,-10348,32.86,-1115,578,1214,
936,3164,10940,-9932,32.72,-1849,192,1063,
937,3696,11956,-9608,32.77,-233,-354,865,
938,4636,11740,-10072,32.77,-535,94,181,
939,3908,10672,-9636,32.81,461,-569,339,
940,4004,10944,-9972,32.81,-1016,88,79,
941,3948,11432,-9752,32.77,-12,-702,-288,
942,3872,10968,-9932,32.77,-53,-393,13,
943,3832,10764,-9668,32.77,-322,-259,-333,
944,4012,11008,-10144,32.77,-666,-282,-181,
945,3868,11128,-9848,32.86,-183,-54,-8,
946,4008,10580,-9792,32.77,-250,215,28,
947,3944,10564,-9152,32.77,-1422,74,564,
948,4168,11416,-9368,32.77,-949,-4,785,
949,4536,11392,-9836,32.81,-1712,148,767,
950,4672,11488,-9768,32.81,-387,-864,-315,
951,4664,10752,-9632,32.77,-550,-382,-279,
952,4552,10912,-9216,32.77,-1449,-788,71,
953,3556,11820,-8972,32.77,-11,-763,626,
954,4288,11612,-9412,32.86,-1346,-298,295,
955,4736,10792,-9148,32.81,-500,21,326,
956,4952,10744,-8852,32.77,300,152,763,
957,4628,11140,-9264,32.67,-659,1280,1302,
958,4480,11644,-9580,32.77,218,873,1328,
959,4288,12456,-9556,32.77,-141,995,1093,
960,4792,11224,-9460,32.67,-2694,590,830,
961,5148,11324,-8528,32.86,-1870,679,744,
962,5676,10972,-8828,32.77,-3300,573,773,
963,5652,11300,-8256,32.72,1903,1791,839,
964,6220,11420,-8300,32.72,-1632,1093,1034,
965,5944,11940,-7260,32.77,-4240,95,1576,
966,7064,11704,-7496,32.67,-16290,-1389,2429,
967,6356,14544,-7880,32.86,5349,2425,2351,
968,6356,12720,-7876,32.81,-8303,-2349,446,
969,6644,12876,-6312,32.77,943,-1323,-182,
970,6968,11976,-6112,32.77,-2316,340,154,
971,6844,12572,-5576,32.77,1558,1636,-384,
972,7012,13568,-6060,32.81,-2988,-817,203,
973,6912,12972,-6312,32.86,-273,48,-671,
974,7124,13044,-5904,32.72,-403,-650,-130,
975,6580,12952,-5980,32.77,-794,-1824,-280,
976,6660,12848,-6256,32.81,-1572,-2395,-137,
977,6320,13088,-5924,32.77,-1150,-1612,93,
978,6628,13000,-5876,32.91,-425,2061,-294,
979,6576,13020,-5752,32.86,-430,71,-185,
980,6544,13076,-5688,32.77,-58,-754,-140,
981,6620,13068,-5912,32.86,-243,-832,-175,
982,6552,12992,-5900,32.77,-62,-606,-116,
983,6428,12888,-5956,32.67,-415,66,-80,
984,6424,13120,-5956,32.77,-268,-1014,-68,
985,6436,12988,-5992,32.81,-301,-352,31,
986,6424,12984,-6016,32.77,-186,-26,-9,
987,6488,13056,-5960,32.77,-169,-534,-44,
988,6468,13012,-6096,32.86,-83,-905,28,
989,6344,12932,-6256,32.81,-39,-614,34,
990,6376,12900,-6180,32.81,-142,-245,-53,
991,6384,12884,-6132,32.72,-128,-885,-98,
992,6240,12888,-6148,32.72,-471,-315,-162,
993,6252,12904,-6208,32.77,-84,-292,-106,
994,6344,12892,-6164,32.72,-357,1046,-92,
995,6376,12940,-6048,32.72,-388,-118,-188,
996,6344,12948,-6032,32.77,-389,-58,-183,
997,6416,13048,-6056,32.77,-260,254,-142,
998,6448,13020,-6104,32.77,-155,-48,-58,
999,6480,12956,-6064,32.77,-234,73,-58,
1000,6440,12828,-6176,32.72,-134,57,-107,
1001,6428,12884,-6188,32.81,-356,-302,-49,
1002,6392,12828,-6220,32.72,-163,-100,-92,
1003,6444,12980,-6232,32.72,-440,-597,-60,
1004,6480,12940,-6348,32.86,-281,89,-30,
1005,6500,12860,-5976,32.72,-385,-12,-169,
1006,6436,12904,-6176,32.81,-452,-331,-160,
1007,6448,12876,-6312,32.81,-533,425,-171,
1008,6492,12964,-6116,32.86,-372,728,-129,
1009,6520,12904,-6024,32.86,-241,-187,-77,
1010,6536,12932,-6080,32.77,-421,64,-72,
1011,6588,12844,-5956,32.77,-309,335,-169,
1012,6572,12984,-6108,32.77,-358,-655,-59,
1013,6572,12920,-6140,32.81,-438,84,-137,
1014,6416,12980,-6108,32.72,-225,-564,-120,
1015,6396,12972,-6088,32.67,-233,-341,-19,
1016,6440,12896,-6176,32.81,-327,-92,-145,
1017,6268,12936,-6084,32.86,-352,-696,-58,
1018,6420,12964,-5916,32.86,-290,36,-164,
1019,6480,12880,-6032,32.81,-260,-191,-83,
1020,6428,12880,-6184,32.81,-260,-332,-13,
1021,6488,12908,-6244,32.86,-102,-106,-3,
1022,6552,12872,-6220,32.77,-209,-359,-47,
1023,6428,12864,-6028,32.72,-240,-760,-18,
1024,6364,12908,-6368,32.72,-234,-82,-11,
1025,6420,12904,-6340,32.72,-179,-172,4,
1026,6420,12836,-6292,32.72,-408,549,-124,
1027,6556,12848,-6236,32.86,-433,-114,-206,
1028,6504,12944,-6180,32.91,-248,-90,-81,
1029,6500,12884,-6316,32.81,-198,-352,-42,
1030,6408,12760,-6264,32.77,-334,-191,-124,
1031,6440,12920,-6248,32.81,-253,-28,-55,
1032,6484,12844,-6328,32.81,-196,-166,5,
1033,6564,12724,-6240,32.72,-174,37,-168,
1034,6516,12924,-6060,32.81,-506,-334,-201,
1035,6380,12940,-6236,32.67,-252,-403,-102,
1036,6276,12808,-6296,32.77,-326,-403,11,
1037,6580,12788,-6312,32.77,-62,-401,124,
1038,6452,12852,-6384,32.77,-187,-173,111,
1039,6432,12836,-6320,32.72,-339,316,0,
1040,6524,12716,-6348,32.77,-145,32,62,
1041,6660,12756,-6340,32.77,-364,506,-31,
1042,6704,12788,-6244,32.67,-373,52,-46,
1043,6680,12780,-6044,32.77,-295,147,-54,
1044,6680,12880,-6064,32.77,-555,-703,-78,
1045,6764,12816,-6264,32.67,17,47,159,
1046,6768,12720,-6224,32.77,-302,37,23,
1047,6816,12704,-6204,32.81,-251,-247,-2,
1048,6644,12684,-6432,32.81,-298,-229,-48,
1049,6640,12820,-6296,32.86,-300,-186,-131,
1050,6628,12676,-6308,32.81,-536,-305,-201,
1051,6712,12760,-6300,32.77,-865,725,-579,
1052,6868,12908,-6080,32.81,-865,-201,-507,
1053,6472,12840,-6256,32.77,-366,149,-223,
1054,6556,12816,-6276,32.77,-287,-386,-154,
1055,6652,12876,-6024,32.86,-531,386,-398,
1056,6552,12916,-6056,32.77,-470,-314,-340,
1057,6504,12892,-6064,32.81,-473,-297,-118,
1058,6496,12960,-6112,32.72,-522,-259,-338,
1059,6524,12972,-6036,32.77,-529,312,-174,
1060,6496,13104,-6028,32.77,-487,-146,-157,
1061,6416,12940,-6036,32.86,-577,592,-34,
1062,6480,13036,-6052,32.77,-253,49,-32,
1063,6652,12964,-6116,32.67,-330,-1026,12,
1064,6588,13016,-5940,32.67,-126,342,101,
1065,6580,12892,-6044,32.77,-161,-53,-69,
1066,6580,13008,-5992,32.67,-339,-627,-44,
1067,6592,12800,-6092,32.72,-103,-976,-33,
1068,6476,12780,-6072,32.77,-164,-799,72,
1069,6432,12840,-6288,32.77,-246,-218,-157,
1070,6460,12908,-6192,32.81,-445,-176,-114,
1071,6492,12868,-6128,32.77,-192,-407,-7,
1072,6556,12908,-6208,32.72,-380,-344,-99,
1073,6508,12880,-6244,32.72,-344,-19,-38,
1074,6524,12900,-6112,32.72,-348,101,-161,
1075,6536,12904,-6092,32.77,-462,37,-99,
1076,6524,12908,-6200,32.86,-141,-115,-85,
1077,6580,12904,-6068,32.77,-237,292,-70,
1078,6528,12864,-6120,32.81,-188,-240,-21,
1079,6544,12904,-6152,32.81,-166,-216,13,
1080,6496,12808,-6308,32.77,-217,-134,-21,
1081,6660,12884,-6204,32.67,-263,265,-108,
1082,6620,12824,-6260,32.72,-48,-829,93,
1083,6652,12752,-6428,32.67,83,428,247,
1084,6616,12704,-6352,32.77,-237,568,20,
1085,6708,12620,-6272,32.77,-320,97,-14,
1086,6696,12760,-6360,32.77,-175,-22,22,
1087,6788,12628,-6320,32.72,-276,-105˛                               ,,
Sample,aX,aY,az,Temp,gX,gY,gz                                                   ,
1,6340,360,-13780,33.24,-305,-210,-20,
2,6344,536,-13588,33.24,-362,-16,-85,
3,6328,380,-13840,33.24,-358,-246,-194,
4,6316,268,-13680,33.33,-401,-66,-152,
5,6424,176,-13724,33.28,-383,-129,-167,
6,6384,-4648,-13048,33.28,133,-628,80,
7,6396,176,-13644,33.38,-75,-249,-152,
8,6328,188,-13656,33.47,-73,-288,-173,
9,6368,160,-13840,33.33,-155,-207,-257,
10,6340,220,-13704,33.33,-307,-303,-198,
11,6236,3528,-14316,33.28,-611,164,-172,
12,7300,5220,-13256,33.28,-528,622,-1323,
13,6460,-8684,-13224,33.33,-25,-981,372,
14,5204,-2448,-14800,33.28,-516,-555,982,
15,6664,8372,-13784,33.33,-707,707,-1259,
16,7236,-7272,-12572,33.33,181,-833,-52,
17,5252,496,-14760,33.38,-405,-901,1013,
18,6432,152,-13632,33.24,-361,-329,-108,
19,6384,160,-13772,33.42,-342,-304,-165,
20,6368,100,-13716,33.38,-304,-258,-172,
Ú                                                                               ,,,,,,,,